Match Percent,32.0%

Matched Keywords,Frequency in JD
fastpaced,1
performance,1
skills,1
python,2
science,1
development,1
using,1
databases,1
issues,1
pipelines,1
work,2
docker,1
solutions,1
code,1
troubleshoot,1
scripts,1
experience,2
automation,3
reviews,1
restful,1
data,9
cloud,1
aws,1
system,1
scalable,1
tools,2
git,1
strong,2
engineer,2
computer,1
problemsolving,1
platforms,1

Missing Keywords,Frequency in JD
continuous,1
make,1
big,1
field,1
want,1
sql,2
understanding,1
machine,1
requirements,1
business,1
excellent,1
scientists,1
workflows,1
collaborate,1
candidate,1
proficiency,1
apis,2
maintain,1
robust,1
statistical,1
ideal,1
building,1
team,1
processing,1
analysis,2
etl,1
rest,1
background,1
algorithms,1
integrate,1
store,1
frameworks,1
retrieve,1
hear,1
spark,1
arise,1
integrationdeployment,1
join,1
seeking,1
familiarity,1
analyze,1
preferred,2
degree,1
learning,1
participate,1
responsibilities,1
innovative,1
would,1
structures,1
analysts,1
pandas,1
passionate,1
environment,1
qualifications,1
software,3
teamwork,1
communication,1
develop,1
eager,1
design,1
optimize,1
love,1
ceremonies,1
impact,1
related,1
agile,1
exposure,1
containerization,1
